[{"name":"homebridge-config-ui-x","private":false,"displayName":"Homebridge UI","description":"A web based management, configuration and control platform for Homebridge","verifiedPlugin":true,"installedVersion":"4.50.2","globalInstall":true,"settingsSchema":true,"installPath":"/usr/local/lib/node_modules","funding":[{"type":"github","url":"https://github.com/sponsors/oznu"},{"type":"paypal","url":"https://paypal.me/oznu"}],"publicPackage":true,"latestVersion":"4.50.2","updateAvailable":false,"links":{"npm":"https://www.npmjs.com/package/homebridge-config-ui-x","homepage":"https://github.com/oznu/homebridge-config-ui-x#readme"},"author":"oznu","engines":{"node":">=14.15.0","homebridge":">=0.4.22"},"disabled":false},{"name":"@0x5e/homebridge-tuya-platform","private":false,"description":"Fork version of official Tuya Homebridge plugin. Brings a bunch of bug fix and new device support.","verifiedPlugin":true,"installedVersion":"1.7.0-beta.20","globalInstall":true,"settingsSchema":true,"installPath":"/usr/local/lib/node_modules","funding":[{"type":"paypal","url":"https://paypal.me/0x5e"}],"publicPackage":true,"latestVersion":"1.7.0-beta.21","updateAvailable":true,"links":{"npm":"https://www.npmjs.com/package/@0x5e/homebridge-tuya-platform","homepage":"https://github.com/0x5e/homebridge-tuya-platform#readme"},"author":"0x5e","engines":{"node":">=14.18.1","homebridge":">=1.3.5"},"disabled":false},{"name":"homebridge-alexa","private":false,"description":"Control your Homebridge devices with Amazon Alexa.","verifiedPlugin":true,"installedVersion":"0.6.3","globalInstall":true,"settingsSchema":true,"installPath":"/usr/local/lib/node_modules","publicPackage":true,"latestVersion":"0.6.3","updateAvailable":false,"links":{"npm":"https://www.npmjs.com/package/homebridge-alexa","homepage":"https://github.com/NorthernMan54/homebridge-alexa#readme"},"author":"northernman","engines":{"node":">=4.4.5","homebridge":">=0.4.16"},"disabled":false},{"name":"homebridge-govee","private":false,"description":"Homebridge plugin to integrate Govee devices into HomeKit.","verifiedPlugin":true,"installedVersion":"7.7.1","globalInstall":true,"settingsSchema":true,"installPath":"/usr/local/lib/node_modules","funding":[{"type":"github","url":"https://github.com/sponsors/bwp91"},{"type":"kofi","url":"https://ko-fi.com/bwp91"},{"type":"patreon","url":"https://www.patreon.com/bwp91"},{"type":"paypal","url":"https://www.paypal.me/BenPotter"}],"publicPackage":true,"latestVersion":"7.7.1","updateAvailable":false,"links":{"npm":"https://www.npmjs.com/package/homebridge-govee","homepage":"https://github.com/bwp91/homebridge-govee#readme"},"author":"bwp91","engines":{"homebridge":"^1.5.0 || 2.0.0-beta.0","node":"^14.21.2 || ^16.19.0 || ^18.12.1"},"disabled":false},{"name":"homebridge-hue","private":false,"displayName":"Homebridge Hue","description":"Homebridge plugin for Hue and/or deCONZ","verifiedPlugin":true,"installedVersion":"0.13.49","globalInstall":true,"settingsSchema":true,"installPath":"/usr/local/lib/node_modules","funding":[{"type":"github","url":"https://github.com/sponsors/ebaauw"},{"type":"paypal","url":"https://www.paypal.me/ebaauw/EUR"}],"publicPackage":true,"latestVersion":"0.13.49","updateAvailable":false,"links":{"npm":"https://www.npmjs.com/package/homebridge-hue","homepage":"https://github.com/ebaauw/homebridge-hue#readme"},"author":"ebaauw","engines":{"BSB001":"1.16.0","BSB002":"1.53.0","deCONZ":"2.19.1","homebridge":"^1.6.0","node":"^18.12.1"},"disabled":false},{"name":"homebridge-people","private":false,"description":"Homebridge plugin that provides details of who is in a Home","verifiedPlugin":false,"installedVersion":"0.6.2","globalInstall":true,"installPath":"/usr/local/lib/node_modules","publicPackage":true,"latestVersion":"0.6.2","updateAvailable":false,"links":{"npm":"https://www.npmjs.com/package/homebridge-people","homepage":"https://github.com/PeteLawrence/homebridge-people#readme"},"author":"petelawrence","engines":{"node":">=0.12.0","homebridge":">=0.2.0"},"disabled":true},{"name":"homebridge-samsung-tizen","private":false,"description":"Homebridge plugin for Samsung TV's with Tizen OS","verifiedPlugin":true,"installedVersion":"5.2.4","globalInstall":true,"settingsSchema":true,"installPath":"/usr/local/lib/node_modules","funding":{"type":"paypal","url":"https://www.paypal.com/donate?hosted_button_id=5QLCDRNH77Z9L"},"publicPackage":true,"latestVersion":"5.2.4","updateAvailable":false,"links":{"npm":"https://www.npmjs.com/package/homebridge-samsung-tizen","homepage":"https://github.com/tavicu/homebridge-samsung-tizen#readme"},"author":"tavicu","engines":{"node":">=12.13.0","homebridge":">=1.3.0"},"disabled":false},{"name":"homebridge-xiaomi-roborock-vacuum","private":false,"description":"Xiaomi Vacuum Cleaner - 1st (Mi Robot), 2nd (Roborock S50 + S55), 3rd Generation (Roborock S6) and S5 Max - plugin for Homebridge.","verifiedPlugin":true,"installedVersion":"0.28.1","globalInstall":true,"settingsSchema":true,"installPath":"/usr/local/lib/node_modules","publicPackage":true,"latestVersion":"0.28.1","updateAvailable":false,"links":{"npm":"https://www.npmjs.com/package/homebridge-xiaomi-roborock-vacuum","homepage":"https://github.com/homebridge-xiaomi-roborock-vacuum/homebridge-xiaomi-roborock-vacuum"},"author":"afharo","engines":{"node":">=14.0.0","homebridge":">=0.4.45"},"disabled":false},{"name":"homebridge-z2m","private":false,"displayName":"Homebridge Zigbee2MQTT","description":"Expose your Zigbee devices to HomeKit with ease, by integrating Zigbee2MQTT with Homebridge.","verifiedPlugin":true,"installedVersion":"1.9.2","globalInstall":true,"settingsSchema":true,"installPath":"/usr/local/lib/node_modules","funding":[{"type":"github","url":"https://github.com/sponsors/itavero"},{"type":"buymeacoffee","url":"https://www.buymeacoffee.com/arno"},{"type":"paypal","url":"https://paypal.me/arnom/EUR"}],"publicPackage":true,"latestVersion":"1.9.2","updateAvailable":false,"links":{"npm":"https://www.npmjs.com/package/homebridge-z2m","homepage":"https://z2m.dev"},"author":"itavero","engines":{"node":">=12.0.0","homebridge":">=1.0.0"},"disabled":true},{"name":"homebridge-zigbee-nt","private":false,"description":"ZigBee New Technology Platform plugin for HomeBridge","verifiedPlugin":true,"installedVersion":"2.5.10","globalInstall":true,"settingsSchema":true,"installPath":"/usr/local/lib/node_modules","publicPackage":true,"latestVersion":"2.5.10","updateAvailable":false,"links":{"npm":"https://www.npmjs.com/package/homebridge-zigbee-nt","homepage":"https://github.com/madchicken/homebridge-zigbee-nt.git#README.md"},"author":"madchicken","engines":{"homebridge":">=1.1.0","node":">=12.13.0"},"disabled":false}]
