[{"x":11,"y":3,"component":"HomebridgeStatusWidgetComponent","cols":9,"rows":4,"mobileOrder":10,"hidePort":true},{"x":8,"y":0,"component":"WeatherWidgetComponent","cols":3,"rows":5,"mobileOrder":20,"location":{"id":2950159,"name":"Berlin","country":"DE","coord":{"lat":52.5244,"lon":13.4105}}},{"x":5,"y":0,"component":"ClockWidgetComponent","cols":3,"rows":5,"mobileOrder":23,"hideOnMobile":true,"timeFormat":"H:mm:ss","dateFormat":"EEEE, d MMMM y"},{"x":0,"y":0,"component":"AccessoriesWidgetComponent","cols":5,"rows":11,"mobileOrder":30,"hideOnMobile":false},{"x":5,"y":8,"component":"ChildBridgeWidgetComponent","cols":6,"rows":3,"mobileOrder":35},{"x":11,"y":0,"component":"CpuWidgetComponent","cols":4,"rows":3,"mobileOrder":40},{"x":15,"y":0,"component":"MemoryWidgetComponent","cols":5,"rows":3,"mobileOrder":50},{"x":11,"y":7,"component":"NetworkWidgetComponent","cols":9,"rows":4,"mobileOrder":55},{"x":5,"y":5,"component":"UptimeWidgetComponent","cols":6,"rows":3,"mobileOrder":60},{"x":15,"y":11,"component":"SystemInfoWidgetComponent","cols":5,"rows":8,"mobileOrder":70},{"x":0,"y":11,"component":"HapQrcodeWidgetComponent","cols":4,"rows":8,"mobileOrder":100},{"x":4,"y":11,"component":"HomebridgeLogsWidgetComponent","cols":11,"rows":8,"mobileOrder":1000,"hideOnMobile":true,"fontWeight":"400","fontSize":15}]
