[
  {
    "active_time": 1647007415,
    "biz_type": 18,
    "category": "dj",
    "create_time": 1647007415,
    "icon": "smart/icon/001458092465966zkPdc/842c536493ce5dfd58d1d380c80c190e.png",
    "id": "bf68c7400934bd459elmqa",
    "ip": "95.91.215.159",
    "lat": "52.5249",
    "local_key": "0127b30b04d201f3",
    "lon": "13.4643",
    "model": "",
    "name": "Floor Lamp Top",
    "online": true,
    "owner_id": "52858395",
    "product_id": "ndb7eutgxgof5m2f",
    "product_name": "Smart Bulb",
    "status": [
      {
        "code": "bright_value_v2",
        "value": 500
      },
      {
        "code": "colour_data_v2",
        "value": "{\"h\":0,\"s\":1000,\"v\":1000}"
      },
      {
        "code": "control_data",
        "value": ""
      },
      {
        "code": "countdown_1",
        "value": 0
      },
      {
        "code": "cycle_timing",
        "value": "AAAA"
      },
      {
        "code": "do_not_disturb",
        "value": false
      },
      {
        "code": "music_data",
        "value": ""
      },
      {
        "code": "power_memory",
        "value": "AAEAAAPoA+gB9ADc"
      },
      {
        "code": "random_timing",
        "value": "AAAA"
      },
      {
        "code": "rhythm_mode",
        "value": "AAAAAAA="
      },
      {
        "code": "scene_data_v2",
        "value": "{\"scene_num\":1,\"scene_units\":[{\"bright\":200,\"h\":0,\"s\":0,\"temperature\":0,\"unit_change_mode\":\"static\",\"unit_gradient_duration\":13,\"unit_switch_duration\":14,\"v\":0}]}"
      },
      {
        "code": "sleep_mode",
        "value": "AAA="
      },
      {
        "code": "switch_led",
        "value": false
      },
      {
        "code": "temp_value_v2",
        "value": 220
      },
      {
        "code": "wakeup_mode",
        "value": "AAA="
      },
      {
        "code": "work_mode",
        "value": "white"
      }
    ],
    "sub": false,
    "time_zone": "+01:00",
    "uid": "eu1647007240139oKms7",
    "update_time": 1651223200,
    "uuid": "d0e48a88cce1f8c5",
    "schema": [
      {
        "code": "bright_value_v2",
        "mode": "rw",
        "type": "Integer",
        "property": {
          "min": 10,
          "max": 1000,
          "scale": 0,
          "step": 1
        }
      },
      {
        "code": "colour_data_v2",
        "mode": "rw",
        "type": "Json",
        "property": {
          "h": {
            "min": 0,
            "scale": 0,
            "unit": "",
            "max": 360,
            "step": 1
          },
          "s": {
            "min": 0,
            "scale": 0,
            "unit": "",
            "max": 1000,
            "step": 1
          },
          "v": {
            "min": 0,
            "scale": 0,
            "unit": "",
            "max": 1000,
            "step": 1
          }
        }
      },
      {
        "code": "control_data",
        "mode": "rw",
        "type": "Json",
        "property": {
          "change_mode": {
            "range": [
              "direct",
              "gradient"
            ]
          },
          "bright": {
            "min": 0,
            "scale": 0,
            "unit": "",
            "max": 1000,
            "step": 1
          },
          "temperature": {
            "min": 0,
            "scale": 0,
            "unit": "",
            "max": 1000,
            "step": 1
          },
          "h": {
            "min": 0,
            "scale": 0,
            "unit": "",
            "max": 360,
            "step": 1
          },
          "s": {
            "min": 0,
            "scale": 0,
            "unit": "",
            "max": 255,
            "step": 1
          },
          "v": {
            "min": 0,
            "scale": 0,
            "unit": "",
            "max": 255,
            "step": 1
          }
        }
      },
      {
        "code": "countdown_1",
        "mode": "rw",
        "type": "Integer",
        "property": {
          "unit": "s",
          "min": 0,
          "max": 86400,
          "scale": 0,
          "step": 1
        }
      },
      {
        "code": "cycle_timing",
        "mode": "rw",
        "type": "Raw",
        "property": {}
      },
      {
        "code": "do_not_disturb",
        "mode": "rw",
        "type": "Boolean",
        "property": {}
      },
      {
        "code": "music_data",
        "mode": "rw",
        "type": "Json",
        "property": {
          "change_mode": {
            "range": [
              "direct",
              "gradient"
            ]
          },
          "bright": {
            "min": 0,
            "scale": 0,
            "unit": "",
            "max": 1000,
            "step": 1
          },
          "temperature": {
            "min": 0,
            "scale": 0,
            "unit": "",
            "max": 1000,
            "step": 1
          },
          "h": {
            "min": 0,
            "scale": 0,
            "unit": "",
            "max": 360,
            "step": 1
          },
          "s": {
            "min": 0,
            "scale": 0,
            "unit": "",
            "max": 255,
            "step": 1
          },
          "v": {
            "min": 0,
            "scale": 0,
            "unit": "",
            "max": 255,
            "step": 1
          }
        }
      },
      {
        "code": "power_memory",
        "mode": "rw",
        "type": "Raw",
        "property": {}
      },
      {
        "code": "random_timing",
        "mode": "rw",
        "type": "Raw",
        "property": {}
      },
      {
        "code": "rhythm_mode",
        "mode": "rw",
        "type": "Raw",
        "property": {
          "maxlen": "255"
        }
      },
      {
        "code": "scene_data_v2",
        "mode": "rw",
        "type": "Json",
        "property": {
          "scene_num": {
            "min": 1,
            "scale": 0,
            "max": 8,
            "step": 1
          },
          "scene_units": {
            "unit_change_mode": {
              "range": [
                "static",
                "jump",
                "gradient"
              ]
            },
            "unit_switch_duration": {
              "min": 0,
              "scale": 0,
              "max": 100,
              "step": 1
            },
            "unit_gradient_duration": {
              "min": 0,
              "scale": 0,
              "max": 100,
              "step": 1
            },
            "bright": {
              "min": 0,
              "scale": 0,
              "max": 1000,
              "step": 1
            },
            "temperature": {
              "min": 0,
              "scale": 0,
              "max": 1000,
              "step": 1
            },
            "h": {
              "min": 0,
              "scale": 0,
              "unit": "",
              "max": 360,
              "step": 1
            },
            "s": {
              "min": 0,
              "scale": 0,
              "unit": "",
              "max": 1000,
              "step": 1
            },
            "v": {
              "min": 0,
              "scale": 0,
              "unit": "",
              "max": 1000,
              "step": 1
            }
          }
        }
      },
      {
        "code": "sleep_mode",
        "mode": "rw",
        "type": "Raw",
        "property": {
          "maxlen": "255"
        }
      },
      {
        "code": "switch_led",
        "mode": "rw",
        "type": "Boolean",
        "property": {}
      },
      {
        "code": "temp_value_v2",
        "mode": "rw",
        "type": "Integer",
        "property": {
          "min": 0,
          "max": 1000,
          "scale": 0,
          "step": 1
        }
      },
      {
        "code": "wakeup_mode",
        "mode": "rw",
        "type": "Raw",
        "property": {
          "maxlen": "255"
        }
      },
      {
        "code": "work_mode",
        "mode": "rw",
        "type": "Enum",
        "property": {
          "range": [
            "white",
            "colour",
            "scene",
            "music"
          ]
        }
      }
    ]
  },
  {
    "active_time": 1647007398,
    "biz_type": 18,
    "category": "dj",
    "create_time": 1647007398,
    "icon": "smart/icon/001458092465966zkPdc/842c536493ce5dfd58d1d380c80c190e.png",
    "id": "bf3c6b3d655e0dd6e4jrjl",
    "ip": "95.91.215.159",
    "lat": "52.5249",
    "local_key": "ba3c463a805d6726",
    "lon": "13.4643",
    "model": "",
    "name": "Floor Lamp Bottom",
    "online": true,
    "owner_id": "52858395",
    "product_id": "ndb7eutgxgof5m2f",
    "product_name": "Smart Bulb",
    "status": [
      {
        "code": "bright_value_v2",
        "value": 200
      },
      {
        "code": "colour_data_v2",
        "value": "{\"h\":278,\"s\":560,\"v\":1000}"
      },
      {
        "code": "control_data",
        "value": ""
      },
      {
        "code": "countdown_1",
        "value": 0
      },
      {
        "code": "cycle_timing",
        "value": "AAAA"
      },
      {
        "code": "do_not_disturb",
        "value": false
      },
      {
        "code": "music_data",
        "value": ""
      },
      {
        "code": "power_memory",
        "value": "AAEAAAPoA+gB9ADc"
      },
      {
        "code": "random_timing",
        "value": "AAAA"
      },
      {
        "code": "rhythm_mode",
        "value": "AAAAAAA="
      },
      {
        "code": "scene_data_v2",
        "value": "{\"scene_num\":1,\"scene_units\":[{\"bright\":200,\"h\":0,\"s\":0,\"temperature\":0,\"unit_change_mode\":\"static\",\"unit_gradient_duration\":13,\"unit_switch_duration\":14,\"v\":0}]}"
      },
      {
        "code": "sleep_mode",
        "value": "AAA="
      },
      {
        "code": "switch_led",
        "value": false
      },
      {
        "code": "temp_value_v2",
        "value": 4
      },
      {
        "code": "wakeup_mode",
        "value": "AAA="
      },
      {
        "code": "work_mode",
        "value": "colour"
      }
    ],
    "sub": false,
    "time_zone": "+01:00",
    "uid": "eu1647007240139oKms7",
    "update_time": 1651223198,
    "uuid": "01e6b9b92c00f4e1",
    "schema": [
      {
        "code": "bright_value_v2",
        "mode": "rw",
        "type": "Integer",
        "property": {
          "min": 10,
          "max": 1000,
          "scale": 0,
          "step": 1
        }
      },
      {
        "code": "colour_data_v2",
        "mode": "rw",
        "type": "Json",
        "property": {
          "h": {
            "min": 0,
            "scale": 0,
            "unit": "",
            "max": 360,
            "step": 1
          },
          "s": {
            "min": 0,
            "scale": 0,
            "unit": "",
            "max": 1000,
            "step": 1
          },
          "v": {
            "min": 0,
            "scale": 0,
            "unit": "",
            "max": 1000,
            "step": 1
          }
        }
      },
      {
        "code": "control_data",
        "mode": "rw",
        "type": "Json",
        "property": {
          "change_mode": {
            "range": [
              "direct",
              "gradient"
            ]
          },
          "bright": {
            "min": 0,
            "scale": 0,
            "unit": "",
            "max": 1000,
            "step": 1
          },
          "temperature": {
            "min": 0,
            "scale": 0,
            "unit": "",
            "max": 1000,
            "step": 1
          },
          "h": {
            "min": 0,
            "scale": 0,
            "unit": "",
            "max": 360,
            "step": 1
          },
          "s": {
            "min": 0,
            "scale": 0,
            "unit": "",
            "max": 255,
            "step": 1
          },
          "v": {
            "min": 0,
            "scale": 0,
            "unit": "",
            "max": 255,
            "step": 1
          }
        }
      },
      {
        "code": "countdown_1",
        "mode": "rw",
        "type": "Integer",
        "property": {
          "unit": "s",
          "min": 0,
          "max": 86400,
          "scale": 0,
          "step": 1
        }
      },
      {
        "code": "cycle_timing",
        "mode": "rw",
        "type": "Raw",
        "property": {}
      },
      {
        "code": "do_not_disturb",
        "mode": "rw",
        "type": "Boolean",
        "property": {}
      },
      {
        "code": "music_data",
        "mode": "rw",
        "type": "Json",
        "property": {
          "change_mode": {
            "range": [
              "direct",
              "gradient"
            ]
          },
          "bright": {
            "min": 0,
            "scale": 0,
            "unit": "",
            "max": 1000,
            "step": 1
          },
          "temperature": {
            "min": 0,
            "scale": 0,
            "unit": "",
            "max": 1000,
            "step": 1
          },
          "h": {
            "min": 0,
            "scale": 0,
            "unit": "",
            "max": 360,
            "step": 1
          },
          "s": {
            "min": 0,
            "scale": 0,
            "unit": "",
            "max": 255,
            "step": 1
          },
          "v": {
            "min": 0,
            "scale": 0,
            "unit": "",
            "max": 255,
            "step": 1
          }
        }
      },
      {
        "code": "power_memory",
        "mode": "rw",
        "type": "Raw",
        "property": {}
      },
      {
        "code": "random_timing",
        "mode": "rw",
        "type": "Raw",
        "property": {}
      },
      {
        "code": "rhythm_mode",
        "mode": "rw",
        "type": "Raw",
        "property": {
          "maxlen": "255"
        }
      },
      {
        "code": "scene_data_v2",
        "mode": "rw",
        "type": "Json",
        "property": {
          "scene_num": {
            "min": 1,
            "scale": 0,
            "max": 8,
            "step": 1
          },
          "scene_units": {
            "unit_change_mode": {
              "range": [
                "static",
                "jump",
                "gradient"
              ]
            },
            "unit_switch_duration": {
              "min": 0,
              "scale": 0,
              "max": 100,
              "step": 1
            },
            "unit_gradient_duration": {
              "min": 0,
              "scale": 0,
              "max": 100,
              "step": 1
            },
            "bright": {
              "min": 0,
              "scale": 0,
              "max": 1000,
              "step": 1
            },
            "temperature": {
              "min": 0,
              "scale": 0,
              "max": 1000,
              "step": 1
            },
            "h": {
              "min": 0,
              "scale": 0,
              "unit": "",
              "max": 360,
              "step": 1
            },
            "s": {
              "min": 0,
              "scale": 0,
              "unit": "",
              "max": 1000,
              "step": 1
            },
            "v": {
              "min": 0,
              "scale": 0,
              "unit": "",
              "max": 1000,
              "step": 1
            }
          }
        }
      },
      {
        "code": "sleep_mode",
        "mode": "rw",
        "type": "Raw",
        "property": {
          "maxlen": "255"
        }
      },
      {
        "code": "switch_led",
        "mode": "rw",
        "type": "Boolean",
        "property": {}
      },
      {
        "code": "temp_value_v2",
        "mode": "rw",
        "type": "Integer",
        "property": {
          "min": 0,
          "max": 1000,
          "scale": 0,
          "step": 1
        }
      },
      {
        "code": "wakeup_mode",
        "mode": "rw",
        "type": "Raw",
        "property": {
          "maxlen": "255"
        }
      },
      {
        "code": "work_mode",
        "mode": "rw",
        "type": "Enum",
        "property": {
          "range": [
            "white",
            "colour",
            "scene",
            "music"
          ]
        }
      }
    ]
  },
  {
    "active_time": 1647007381,
    "biz_type": 18,
    "category": "dj",
    "create_time": 1647007381,
    "icon": "smart/icon/001458092465966zkPdc/842c536493ce5dfd58d1d380c80c190e.png",
    "id": "bf7ed10947ce0011dcrpth",
    "ip": "95.91.215.159",
    "lat": "52.5249",
    "local_key": "a90131b27319295b",
    "lon": "13.4643",
    "model": "",
    "name": "Floor Lamp Middle",
    "online": true,
    "owner_id": "52858395",
    "product_id": "ndb7eutgxgof5m2f",
    "product_name": "Smart Bulb",
    "status": [
      {
        "code": "bright_value_v2",
        "value": 500
      },
      {
        "code": "colour_data_v2",
        "value": "{\"h\":0,\"s\":1000,\"v\":1000}"
      },
      {
        "code": "control_data",
        "value": ""
      },
      {
        "code": "countdown_1",
        "value": 0
      },
      {
        "code": "cycle_timing",
        "value": "AAAA"
      },
      {
        "code": "do_not_disturb",
        "value": false
      },
      {
        "code": "music_data",
        "value": ""
      },
      {
        "code": "power_memory",
        "value": "AAEAAAPoA+gB9ADc"
      },
      {
        "code": "random_timing",
        "value": "AAAA"
      },
      {
        "code": "rhythm_mode",
        "value": "AAAAAAA="
      },
      {
        "code": "scene_data_v2",
        "value": "{\"scene_num\":1,\"scene_units\":[{\"bright\":200,\"h\":0,\"s\":0,\"temperature\":0,\"unit_change_mode\":\"static\",\"unit_gradient_duration\":13,\"unit_switch_duration\":14,\"v\":0}]}"
      },
      {
        "code": "sleep_mode",
        "value": "AAA="
      },
      {
        "code": "switch_led",
        "value": false
      },
      {
        "code": "temp_value_v2",
        "value": 220
      },
      {
        "code": "wakeup_mode",
        "value": "AAA="
      },
      {
        "code": "work_mode",
        "value": "white"
      }
    ],
    "sub": false,
    "time_zone": "+01:00",
    "uid": "eu1647007240139oKms7",
    "update_time": 1651223197,
    "uuid": "ee264b54fd4fd856",
    "schema": [
      {
        "code": "bright_value_v2",
        "mode": "rw",
        "type": "Integer",
        "property": {
          "min": 10,
          "max": 1000,
          "scale": 0,
          "step": 1
        }
      },
      {
        "code": "colour_data_v2",
        "mode": "rw",
        "type": "Json",
        "property": {
          "h": {
            "min": 0,
            "scale": 0,
            "unit": "",
            "max": 360,
            "step": 1
          },
          "s": {
            "min": 0,
            "scale": 0,
            "unit": "",
            "max": 1000,
            "step": 1
          },
          "v": {
            "min": 0,
            "scale": 0,
            "unit": "",
            "max": 1000,
            "step": 1
          }
        }
      },
      {
        "code": "control_data",
        "mode": "rw",
        "type": "Json",
        "property": {
          "change_mode": {
            "range": [
              "direct",
              "gradient"
            ]
          },
          "bright": {
            "min": 0,
            "scale": 0,
            "unit": "",
            "max": 1000,
            "step": 1
          },
          "temperature": {
            "min": 0,
            "scale": 0,
            "unit": "",
            "max": 1000,
            "step": 1
          },
          "h": {
            "min": 0,
            "scale": 0,
            "unit": "",
            "max": 360,
            "step": 1
          },
          "s": {
            "min": 0,
            "scale": 0,
            "unit": "",
            "max": 255,
            "step": 1
          },
          "v": {
            "min": 0,
            "scale": 0,
            "unit": "",
            "max": 255,
            "step": 1
          }
        }
      },
      {
        "code": "countdown_1",
        "mode": "rw",
        "type": "Integer",
        "property": {
          "unit": "s",
          "min": 0,
          "max": 86400,
          "scale": 0,
          "step": 1
        }
      },
      {
        "code": "cycle_timing",
        "mode": "rw",
        "type": "Raw",
        "property": {}
      },
      {
        "code": "do_not_disturb",
        "mode": "rw",
        "type": "Boolean",
        "property": {}
      },
      {
        "code": "music_data",
        "mode": "rw",
        "type": "Json",
        "property": {
          "change_mode": {
            "range": [
              "direct",
              "gradient"
            ]
          },
          "bright": {
            "min": 0,
            "scale": 0,
            "unit": "",
            "max": 1000,
            "step": 1
          },
          "temperature": {
            "min": 0,
            "scale": 0,
            "unit": "",
            "max": 1000,
            "step": 1
          },
          "h": {
            "min": 0,
            "scale": 0,
            "unit": "",
            "max": 360,
            "step": 1
          },
          "s": {
            "min": 0,
            "scale": 0,
            "unit": "",
            "max": 255,
            "step": 1
          },
          "v": {
            "min": 0,
            "scale": 0,
            "unit": "",
            "max": 255,
            "step": 1
          }
        }
      },
      {
        "code": "power_memory",
        "mode": "rw",
        "type": "Raw",
        "property": {}
      },
      {
        "code": "random_timing",
        "mode": "rw",
        "type": "Raw",
        "property": {}
      },
      {
        "code": "rhythm_mode",
        "mode": "rw",
        "type": "Raw",
        "property": {
          "maxlen": "255"
        }
      },
      {
        "code": "scene_data_v2",
        "mode": "rw",
        "type": "Json",
        "property": {
          "scene_num": {
            "min": 1,
            "scale": 0,
            "max": 8,
            "step": 1
          },
          "scene_units": {
            "unit_change_mode": {
              "range": [
                "static",
                "jump",
                "gradient"
              ]
            },
            "unit_switch_duration": {
              "min": 0,
              "scale": 0,
              "max": 100,
              "step": 1
            },
            "unit_gradient_duration": {
              "min": 0,
              "scale": 0,
              "max": 100,
              "step": 1
            },
            "bright": {
              "min": 0,
              "scale": 0,
              "max": 1000,
              "step": 1
            },
            "temperature": {
              "min": 0,
              "scale": 0,
              "max": 1000,
              "step": 1
            },
            "h": {
              "min": 0,
              "scale": 0,
              "unit": "",
              "max": 360,
              "step": 1
            },
            "s": {
              "min": 0,
              "scale": 0,
              "unit": "",
              "max": 1000,
              "step": 1
            },
            "v": {
              "min": 0,
              "scale": 0,
              "unit": "",
              "max": 1000,
              "step": 1
            }
          }
        }
      },
      {
        "code": "sleep_mode",
        "mode": "rw",
        "type": "Raw",
        "property": {
          "maxlen": "255"
        }
      },
      {
        "code": "switch_led",
        "mode": "rw",
        "type": "Boolean",
        "property": {}
      },
      {
        "code": "temp_value_v2",
        "mode": "rw",
        "type": "Integer",
        "property": {
          "min": 0,
          "max": 1000,
          "scale": 0,
          "step": 1
        }
      },
      {
        "code": "wakeup_mode",
        "mode": "rw",
        "type": "Raw",
        "property": {
          "maxlen": "255"
        }
      },
      {
        "code": "work_mode",
        "mode": "rw",
        "type": "Enum",
        "property": {
          "range": [
            "white",
            "colour",
            "scene",
            "music"
          ]
        }
      }
    ]
  },
  {
    "id": "mTwxaH23fAMm7HgH",
    "uuid": "mTwxaH23fAMm7HgH",
    "name": "Floor lamp cinema mode",
    "owner_id": "52858395",
    "product_id": "scene",
    "category": "scene",
    "schema": [],
    "status": [],
    "online": true
  },
  {
    "id": "eNdkKbSIJlGAWEjX",
    "uuid": "eNdkKbSIJlGAWEjX",
    "name": "Turn off floor lamp",
    "owner_id": "52858395",
    "product_id": "scene",
    "category": "scene",
    "schema": [],
    "status": [],
    "online": true
  },
  {
    "id": "9thTfhnhEwGIOk44",
    "uuid": "9thTfhnhEwGIOk44",
    "name": "Turn on floor lamp",
    "owner_id": "52858395",
    "product_id": "scene",
    "category": "scene",
    "schema": [],
    "status": [],
    "online": true
  }
]